id,category,category_ar,name,name_ar,unit,unit_ar,price,description,description_ar,details,details_ar,image,badge,badge_ar,popular,available
1,Jams,مربيات,Apple Jam,مربى التفاح,330 g,330 غ,,"A smooth apple jam made with fresh apples, sugar, and lemon juice, with a naturally sweet and fruity taste.",مربى تفاح ناعم من تفاح طازج وسكر وحامض، بطعم حلو وفاكهي طبيعي.,"Prepared from fresh apples with sugar and lemon juice, this jam has a smooth texture and balanced sweetness. Suitable for spreading on bread and toast, as well as for pastries, pancakes, desserts, and other sweet preparations.",,images/apple-jam-330g.jpg,,,,yes
2,Jams,مربيات,Apricot Jam,مربى المشمش,760 g,760 غ,,"A rich and fruity jam crafted from carefully selected apricots for an authentic homemade taste. Made with simple, natural ingredients.",مربى غني بالفاكهة من مشمش مختار بعناية، بطعم بيتي أصيل ومكوّنات طبيعية بسيطة.,"Prepared using carefully selected apricots, sugar, and lemon juice, this jam captures the rich, fruity flavor of ripe apricots in every spoonful. A delicious choice for breakfast, baking, or pairing with your favorite desserts.",,images/apricot-jam-760g.jpg,,,yes,yes
3,Jams,مربيات,Fig Jam,مربى التين المطبوخ,330 g,330 غ,,A traditional Lebanese favorite with a naturally rich sweetness and velvety texture. Made with fresh figs and simple ingredients.,مربى لبناني تقليدي بحلاوة طبيعية غنية وقوام مخملي، من تين طازج.,"Prepared from fresh figs and simple ingredients, this traditional fig jam has a naturally sweet flavor and soft, smooth consistency. It is suitable for breakfast, spreading on bread and toast, and serving with cheese, pastries, or as part of traditional Lebanese and Mediterranean dishes.",,images/fig-jam-330g.jpg,,,,yes
4,Jams,مربيات,Strawberry Jam,مربى الفريز,330 g,330 غ,,"A smooth strawberry jam made with ripe strawberries, sugar, and lemon juice for a naturally sweet and fruity taste.",مربى فريز ناعم من فريز ناضج وسكر وحامض، بطعم حلو وفاكهي طبيعي.,"Made from ripe strawberries slowly prepared with sugar and lemon juice, this jam retains a pleasant fruity flavor and spreadable texture. It can be enjoyed with bread and toast or used in pastries, cakes, desserts, and other sweet recipes.",,images/strawberry-jam-330g.jpg,,,,yes
5,Jams,مربيات,Strawberry Jam,مربى الفريز,760 g,760 غ,,"A smooth strawberry jam made with ripe strawberries, sugar, and lemon juice for a naturally sweet and fruity taste.",مربى فريز ناعم من فريز ناضج وسكر وحامض، بطعم حلو وفاكهي طبيعي.,"Made from ripe strawberries slowly prepared with sugar and lemon juice, this jam retains a pleasant fruity flavor and spreadable texture. It can be enjoyed with bread and toast or used in pastries, cakes, desserts, and other sweet recipes.",,images/strawberry-jam-760g.jpg,,,,yes
6,Pickles,مخللات,Cucumber Pickles,مخلل خيار,600 g · drained 450 g,600 غ · بعد التصفية 450 غ,,"Crisp cucumber pickles prepared with vinegar and salt, offering a fresh and tangy taste.",مخلل خيار مقرمش بالخل والملح، بنكهة منعشة وحامضة.,"Fresh cucumbers are carefully pickled in a simple blend of water, vinegar, and salt to preserve their crisp texture and distinctive tangy flavor. Ideal for serving alongside sandwiches, burgers, mezze, salads, and everyday meals.",,images/cucumber-pickles-600g.jpg,,,,yes
7,Pickles,مخللات,Diced Beetroot,شمندر مقطّع,660 g · drained 450 g,660 غ · بعد التصفية 450 غ,,"Tender diced beetroot preserved with lemon juice, salt, and a touch of sugar for a fresh, mildly sweet and tangy taste.",شمندر مقطّع طري محفوظ بالحامض والملح وقليل من السكر، بطعم حلو وحامض.,"Carefully prepared diced beetroot preserved in water with sugar, salt, and lemon juice. It has a tender texture and balanced sweet-tangy flavor, making it convenient for salads, sandwiches, bowls, side dishes, and a variety of recipes.",,images/diced-beetroot-660g.jpg,,,,yes
8,Pickles,مخللات,Makdous with Walnut,مكدوس بالجوز,300 g · drained 250 g,300 غ · بعد التصفية 250 غ,,"Tender baby eggplants filled with a flavorful mixture of walnuts, garlic, and sweet peppers, preserved in oil.",باذنجان صغير طري محشو بالجوز والثوم والفليفلة الحلوة، محفوظ بالزيت.,"Baby eggplants are carefully prepared and filled with walnuts, garlic, sweet peppers, and selected seasonings, then preserved in a blend of olive and sunflower oil. A traditional Lebanese specialty with a rich, savory flavor, ready to serve as part of mezze, alongside meals, or on its own.",,images/makdous-with-walnut-300g.jpg,,,yes,yes
9,Pickles,مخللات,Makdous with Walnut,مكدوس بالجوز,600 g · drained 450 g,600 غ · بعد التصفية 450 غ,,"Tender baby eggplants filled with a flavorful mixture of walnuts, garlic, and sweet peppers, preserved in oil.",باذنجان صغير طري محشو بالجوز والثوم والفليفلة الحلوة، محفوظ بالزيت.,"Baby eggplants are carefully prepared and filled with walnuts, garlic, sweet peppers, and selected seasonings, then preserved in a blend of olive and sunflower oil. A traditional Lebanese specialty with a rich, savory flavor, ready to serve as part of mezze, alongside meals, or on its own.",,images/makdous-with-walnut-600g.jpg,,,,yes
10,Pickles,مخللات,Makdous with Walnut – Hot,مكدوس بالجوز حار,300 g · drained 250 g,300 غ · بعد التصفية 250 غ,,"Baby eggplants stuffed with walnuts, garlic, and hot peppers, preserved in oil for a distinctive spicy flavor.",باذنجان صغير محشو بالجوز والثوم والفليفلة الحارة، محفوظ بالزيت بنكهة حارة مميزة.,"Baby eggplants are filled with walnuts, garlic, hot peppers, and selected seasonings, then preserved in a blend of olive and sunflower oil. This traditional Lebanese preparation combines the rich taste of walnuts and eggplant with a noticeable spicy touch, making it suitable for mezze and everyday meals.",,images/makdous-with-walnut-hot-300g.jpg,Spicy,حار,,yes
11,Pickles,مخللات,Makdous with Walnut – Hot,مكدوس بالجوز حار,600 g · drained 450 g,600 غ · بعد التصفية 450 غ,,"Baby eggplants stuffed with walnuts, garlic, and hot peppers, preserved in oil for a distinctive spicy flavor.",باذنجان صغير محشو بالجوز والثوم والفليفلة الحارة، محفوظ بالزيت بنكهة حارة مميزة.,"Baby eggplants are filled with walnuts, garlic, hot peppers, and selected seasonings, then preserved in a blend of olive and sunflower oil. This traditional Lebanese preparation combines the rich taste of walnuts and eggplant with a noticeable spicy touch, making it suitable for mezze and everyday meals.",,images/makdous-with-walnut-hot-600g.jpg,Spicy,حار,,yes
12,Pickles,مخللات,Mixed Vegetable Pickles,مخلل مشكّل,600 g · drained 400 g,600 غ · بعد التصفية 400 غ,,A colorful selection of vegetables pickled using traditional Lebanese recipes.,تشكيلة ملوّنة من الخضار المخللة على الطريقة اللبنانية التقليدية.,"A traditional mix of vegetables prepared in a vinegar-and-salt brine, offering a variety of textures and a balanced tangy flavor. Suitable as a side dish, mezze accompaniment, or addition to sandwiches, salads, and everyday meals.",,images/mixed-vegetable-pickles-600g.jpg,,,,yes
13,Pickles,مخللات,Wild Cucumber Pickles,مخلل خيار بري,600 g · drained 450 g,600 غ · بعد التصفية 450 غ,,Traditional wild cucumbers with a bold flavor and irresistible crunch.,خيار بري تقليدي بنكهة قوية وقرمشة لا تقاوم.,"Prepared from carefully selected wild cucumbers in a simple brine of water, vinegar, and salt, these pickles retain their natural crunch and characteristic flavor. Suitable as a side dish, mezze accompaniment, or addition to sandwiches and everyday meals.",,images/wild-cucumber-pickles-600g.jpg,,,,yes
14,Sauces,صلصات ومعاجين,Beetroot Tahini Sauce,صلصة الطحينة بالشمندر,290 g,290 غ,,"A colorful blend of beetroot and tahini, bringing a smooth texture and naturally rich flavor.",مزيج ملوّن من الشمندر والطحينة بقوام ناعم ونكهة غنية.,"Made with beetroot, sesame paste, lemon juice, olive oil, garlic, salt, and black pepper, this colorful spread offers a naturally earthy flavor and creamy texture that's perfect for appetizers, sandwiches, or healthy snacks.",,images/beetroot-tahini-sauce-290g.jpg,,,,yes
15,Sauces,صلصات ومعاجين,Black Olive Paste,معجون الزيتون الأسود,250 g,250 غ,,"A smooth paste made from ground black olives, suitable for sandwiches, appetizers, and a variety of Mediterranean dishes.",معجون ناعم من الزيتون الأسود المطحون، للسندويشات والمقبلات والأطباق المتوسطية.,"Made from 100% ground black olives, this paste has a smooth consistency and distinctive olive flavor. It can be used in sandwiches, spreads, pizzas, crackers, appetizers, and other Mediterranean-style dishes.",,images/black-olive-paste-250g.jpg,,,,yes
16,Sauces,صلصات ومعاجين,Concentrated Tomato Juice,عصير بندورة مركّز,300 g,300 غ,,"A concentrated tomato juice made from fresh, ripe tomatoes with a touch of salt, suitable for everyday cooking.",عصير بندورة مركّز من بندورة طازجة وناضجة مع قليل من الملح، للطبخ اليومي.,"Made from fresh, ripe tomatoes with a touch of salt, our Concentrated Tomato Juice provides a rich tomato taste and smooth consistency. It can be used in sauces, soups, stews, pasta, and a variety of traditional Lebanese and Mediterranean dishes.",,images/concentrated-tomato-juice-300g.jpg,,,,yes
17,Sauces,صلصات ومعاجين,Hot Chili Paste,معجون الفليفلة الحارة,250 g,250 غ,,"A concentrated chili paste made from selected hot peppers and salt, ideal for adding heat and flavor to a variety of dishes.",معجون مركّز من الفليفلة الحارة المختارة والملح، يضيف حرارة ونكهة للأطباق.,"Prepared from selected hot peppers and salt, this chili paste provides a strong, spicy flavor and smooth consistency. Suitable for sandwiches, marinades, grilled meats, sauces, and other dishes where a touch of heat is desired.",,images/hot-chili-paste-250g.jpg,Spicy,حار,,yes
18,Sauces,صلصات ومعاجين,Pasta Sauce,صلصة باستا,300 g,300 غ,,"A ready-to-use tomato sauce prepared with ripe tomatoes, herbs, garlic, onion, and selected seasonings.",صلصة بندورة جاهزة مع الأعشاب والثوم والبصل وتوابل مختارة.,"Prepared with ripe tomatoes, tomato paste, thyme, garlic, onion, basil, and selected seasonings, this sauce offers a well-balanced texture and savory tomato flavor. Convenient to use, it is suitable for pasta, baked dishes, and a variety of Mediterranean-inspired recipes.",,images/pasta-sauce-300g.jpg,,,,yes
19,Sauces,صلصات ومعاجين,Pasta Sauce,صلصة باستا,600 g,600 غ,,"A ready-to-use tomato sauce prepared with ripe tomatoes, herbs, garlic, onion, and selected seasonings.",صلصة بندورة جاهزة مع الأعشاب والثوم والبصل وتوابل مختارة.,"Prepared with ripe tomatoes, tomato paste, thyme, garlic, onion, basil, and selected seasonings, this sauce offers a well-balanced texture and savory tomato flavor. Convenient to use, it is suitable for pasta, baked dishes, and a variety of Mediterranean-inspired recipes.",,images/pasta-sauce-600g.jpg,,,,yes
20,Sauces,صلصات ومعاجين,Pizza Sauce,صلصة بيتزا,300 g,300 غ,,"A ready-to-use tomato sauce prepared with ripe tomatoes, herbs, spices, garlic, and onion, ideal for homemade pizza.",صلصة بندورة جاهزة مع الأعشاب والبهارات والثوم والبصل، مثالية للبيتزا البيتية.,"Made from ripe tomatoes and tomato paste, combined with garlic, onion, herbs, spices, and lemon. This ready-to-use sauce has a balanced tomato flavor and smooth consistency, making it suitable for homemade pizza as well as pasta, sandwiches, and other tomato-based dishes.",,images/pizza-sauce-300g.jpg,,,,yes
21,Sauces,صلصات ومعاجين,Pizza Sauce,صلصة بيتزا,600 g,600 غ,,"A ready-to-use tomato sauce prepared with ripe tomatoes, herbs, spices, garlic, and onion, ideal for homemade pizza.",صلصة بندورة جاهزة مع الأعشاب والبهارات والثوم والبصل، مثالية للبيتزا البيتية.,"Made from ripe tomatoes and tomato paste, combined with garlic, onion, herbs, spices, and lemon. This ready-to-use sauce has a balanced tomato flavor and smooth consistency, making it suitable for homemade pizza as well as pasta, sandwiches, and other tomato-based dishes.",,images/pizza-sauce-600g.jpg,,,,yes
22,Sauces,صلصات ومعاجين,Tahini Sauce,صلصة الطحينة,290 g,290 غ,,"Creamy tahini made from carefully selected sesame seeds, perfect for dips, sauces, and everyday cooking.",طحينة كريمية من سمسم مختار، للتغميس والصلصات والطبخ اليومي.,"Prepared using sesame paste, water, lemon juice, garlic, flour, sugar, and salt, this smooth and creamy tahini is a Lebanese kitchen essential, ideal for dips, dressings, grilled meats, and everyday meals.",,images/tahini-sauce-290g.jpg,,,,yes
23,Sauces,صلصات ومعاجين,Tahini Sauce with Chili,صلصة الطحينة بالحر,290 g,290 غ,,"A creamy sesame-based sauce with chili, lemon, garlic, and selected seasonings for a mildly spicy flavor.",صلصة طحينة كريمية مع الحر والحامض والثوم، بنكهة حارة خفيفة.,"A tahini-based sauce combining sesame paste with chili, lemon juice, garlic, herbs, and selected ingredients. Its creamy texture and spicy flavor make it suitable for dipping, spreading, or serving alongside grilled meats, sandwiches, wraps, and Mediterranean dishes.",,images/tahini-sauce-with-chili-290g.jpg,Spicy,حار,,yes
24,Sauces,صلصات ومعاجين,Tahini Sauce with Herbs,صلصة الطحينة بالأعشاب,290 g,290 غ,,"A delicious twist on classic tahini, blended with aromatic herbs for extra freshness.",لمسة جديدة على الطحينة الكلاسيكية مع أعشاب عطرية لمزيد من الانتعاش.,"Made with sesame paste, water, lemon juice, herbs, garlic, flour, sugar, and salt, this creamy blend combines the richness of tahini with aromatic herbs for a fresh Mediterranean flavor. Perfect as a dip, spread, or accompaniment to grilled dishes and vegetables.",,images/tahini-sauce-with-herbs-290g.jpg,,,,yes
25,Sauces,صلصات ومعاجين,Tahini Sauce with Turmeric,صلصة الطحينة بالكركم,290 g,290 غ,,"A smooth sesame-based sauce blended with turmeric, lemon, garlic, and selected spices.",صلصة طحينة ناعمة مع الكركم والحامض والثوم وبهارات مختارة.,"A creamy sesame sauce prepared with tahini, lemon juice, sunflower oil, turmeric, garlic, spices, sugar, and salt. It offers a balanced combination of sesame richness and mild spice, making it suitable as a dip, dressing, spread, or accompaniment to a variety of dishes.",,images/tahini-sauce-with-turmeric-290g.jpg,,,,yes
26,Sauces,صلصات ومعاجين,Tomato Paste,رب البندورة,600 g,600 غ,,Rich tomato paste prepared from ripe tomatoes to enhance every homemade recipe.,رب بندورة غني من بندورة ناضجة، يغني كل طبخة بيتية.,"Made with concentrated tomato juice and salt, our Tomato Paste provides a rich, intense tomato flavor that enhances soups, sauces, stews, and countless homemade recipes.",,images/tomato-paste-600g.jpg,,,,yes
27,Pantry,مونة,Apple Chips,رقائق التفاح,,,,"Crunchy dried apple slices, a light snack.",شرائح تفاح مجففة ومقرمشة، وجبة خفيفة.,,,images/apple-chips.jpg,,,,yes
28,Pantry,مونة,Apple Vinegar,خل التفاح,,,,"Natural apple vinegar for salads, dressings and pickling.",خل تفاح طبيعي للسلطات والتتبيلات والتخليل.,,,images/apple-vinegar.jpg,,,,yes
29,Pantry,مونة,Dried Grape Leaves,ورق عنب مجفف,250 g,250 غ,,"Handpicked grape leaves, carefully dried and ready to prepare traditional stuffed grape leaves.",ورق عنب مقطوف باليد ومجفف بعناية، جاهز لتحضير ورق العنب المحشي.,"Made from carefully selected grape leaves, naturally dried to preserve their quality and flavor. Ideal for preparing authentic homemade stuffed grape leaves all year round.",,images/dried-grape-leaves-250g.jpg,,,,yes
30,Pantry,مونة,Dried Grape Leaves,ورق عنب مجفف,400 g,400 غ,,"Handpicked grape leaves, carefully dried and ready to prepare traditional stuffed grape leaves.",ورق عنب مقطوف باليد ومجفف بعناية، جاهز لتحضير ورق العنب المحشي.,"Made from carefully selected grape leaves, naturally dried to preserve their quality and flavor. Ideal for preparing authentic homemade stuffed grape leaves all year round.",,images/dried-grape-leaves-400g.jpg,,,,yes
31,Pantry,مونة,Half-Cooked Green Beans,لوبية نص سوا,1000 g,1000 غ,,Prepared to save you time while preserving the freshness and authentic homemade taste,محضّرة لتوفّر عليك الوقت مع الحفاظ على الطعم البيتي الأصيل.,"Prepared with green beans, tomatoes, onions, garlic, olive oil, salt, and black pepper, this traditional dish is partially cooked for convenient preparation while maintaining its authentic homemade taste.",,images/half-cooked-green-beans-1000g.jpg,,,,yes
32,Pantry,مونة,Kawarma,قاورما,270 g,270 غ,,Slow-cooked seasoned meat prepared following traditional Lebanese recipes for a rich homemade flavor.,لحمة متبّلة مطبوخة على مهل حسب الوصفات اللبنانية التقليدية، بنكهة بيتية غنية.,"Prepared with premium meat, rendered fat, and salt, our Kawarma follows traditional Lebanese methods to create a rich, savory delicacy that's perfect for eggs, pastries, or home-cooked meals.",,images/kawarma-270g.jpg,,,,yes
33,Pantry,مونة,Kawarma,قاورما,600 g,600 غ,,Slow-cooked seasoned meat prepared following traditional Lebanese recipes for a rich homemade flavor.,لحمة متبّلة مطبوخة على مهل حسب الوصفات اللبنانية التقليدية، بنكهة بيتية غنية.,"Prepared with premium meat, rendered fat, and salt, our Kawarma follows traditional Lebanese methods to create a rich, savory delicacy that's perfect for eggs, pastries, or home-cooked meals.",,images/kawarma-600g.jpg,,,yes,yes
34,Pantry,مونة,Pomegranate Molasses,دبس الرمان,500 ml,500 مل,,"A naturally concentrated pomegranate sauce with a balanced sweet and tangy flavor, suitable for a variety of dishes.",دبس رمان مركّز طبيعياً بنكهة متوازنة بين الحلو والحامض، لأطباق متنوعة.,"Made from pomegranate juice with a touch of salt, this versatile ingredient has a rich, naturally tangy flavor. It is commonly used to season salads, enhance marinades and sauces, and add depth to grilled dishes and traditional Lebanese recipes.",,images/pomegranate-molasses-500ml.jpg,,,yes,yes
35,Pantry,مونة,Rose Water,ماء الورد,,,,"Fragrant rose water for Lebanese sweets, drinks and desserts.",ماء ورد عطري للحلويات والمشروبات اللبنانية.,,,images/rose-water.jpg,,,,yes
36,Pantry,مونة,Verjuice,حصرم,500 ml,500 مل,,"Made from fresh green grapes, offering a refreshing natural acidity for traditional Lebanese recipes.",من العنب الأخضر الطازج، يعطي حموضة طبيعية منعشة للوصفات اللبنانية التقليدية.,"Produced from 100% fresh sour grape juice, Verjuice adds natural acidity and freshness to traditional Lebanese recipes and makes an excellent alternative to lemon juice.",,images/verjuice-500ml.jpg,,,,yes
37,Dairy,ألبان,Cow Labneh Balls in Oil,لبنة بقر مكعزلة بالزيت,600 g · drained 450 g,600 غ · بعد التصفية 450 غ,,"Smooth cow labneh balls preserved in olive oil, bringing the comforting taste of homemade dairy.",لبنة بقر مكوّرة ومحفوظة بزيت الزيتون، بطعم الألبان البيتية.,"Prepared with cow labneh, olive oil, sunflower oil, and salt, these creamy labneh balls bring the comforting taste of homemade Lebanese dairy to every table.",,images/cow-labneh-balls-in-oil-600g.jpg,,,,yes
38,Dairy,ألبان,Goat Labneh Balls in Oil,لبنة ماعز مكعزلة بالزيت,600 g · drained 450 g,600 غ · بعد التصفية 450 غ,,"Traditional goat labneh formed into smooth balls and preserved in oil for a rich, creamy taste.",لبنة ماعز تقليدية مكوّرة ومحفوظة بالزيت، بطعم غني وكريمي.,"Hand-rolled goat labneh preserved in a blend of olive oil, sunflower oil, and salt, delivering a creamy texture and authentic Lebanese flavor that's perfect for breakfast or mezze.",,images/goat-labneh-balls-in-oil-600g.jpg,,,,yes
39,Herbs & Spices,أعشاب وبهارات,Dried Lavender,خزامى مجففة,25 g,25 غ,,"Carefully dried lavender with a delicate aroma, perfect for teas and desserts",خزامى مجففة بعناية برائحة ناعمة، مثالية للشاي والحلويات.,"Made from 100% naturally dried lavender flowers, carefully harvested to preserve their delicate floral aroma. Perfect for herbal infusions, desserts, and home fragrance.",,images/dried-lavender-25g.jpg,,,,yes
40,Herbs & Spices,أعشاب وبهارات,Dried Mint,نعنع يابس,50 g,50 غ,,Naturally dried mint that adds freshness and aroma to your favorite recipes.,نعنع مجفف طبيعياً يضيف الانتعاش والرائحة لوصفاتك المفضلة.,"Made from 100% naturally dried mint, preserving its refreshing aroma and flavor. A pantry essential for salads, yogurt, herbal teas, and traditional Lebanese recipes.",,images/dried-mint-50g.jpg,,,,yes
41,Herbs & Spices,أعشاب وبهارات,Garlic Powder and Herbs Mix,بودرة الثوم بالأعشاب,50 g,50 غ,,"Garlic powder blended with dried herbs for seasoning meats, vegetables and dressings.",بودرة ثوم ممزوجة بالأعشاب المجففة لتتبيل اللحوم والخضار والصلصات.,,,images/garlic-powder-and-herbs-mix-50g.jpg,,,,yes
42,Herbs & Spices,أعشاب وبهارات,Keshk Powder,كشك,200 g,200 غ,,"A traditional Lebanese dried blend made from yogurt, labneh, bulgur, and salt, with a distinctive tangy flavor.",خلطة لبنانية تقليدية مجففة من اللبن واللبنة والبرغل والملح، بنكهة حامضة مميزة.,"Prepared from yogurt, labneh, bulgur, and salt, Keshk Powder is a traditional Lebanese ingredient known for its rich, tangy taste. It is commonly used to prepare keshk soup and can also be incorporated into a variety of traditional soups, stews, and homemade dishes.",,images/keshk-powder-200g.jpg,,,,yes
43,Herbs & Spices,أعشاب وبهارات,Zaatar Mix,خلطة زعتر,200 g,200 غ,,"A traditional blend of zaatar, sesame seeds, and selected spices with a distinctive herbaceous and savory flavor.",خلطة تقليدية من الزعتر والسمسم وبهارات مختارة، بنكهة عشبية مميزة.,"A traditional Lebanese zaatar blend prepared with dried herbs, sesame seeds, and selected spices. It can be mixed with olive oil and served with bread, or used as a seasoning for manakish, pastries, salads, vegetables, and a variety of Mediterranean dishes.",,images/zaatar-mix-200g.jpg,,,,yes
